﻿<?xml version="1.0" encoding="utf-8"?>
<Symbolconfiguration xmlns="http://www.3s-software.com/schemas/Symbolconfiguration.xsd">
  <Header>
    <Version>3.5.14.0</Version>
    <SymbolConfigObject version="4.4.0.0" runtimeid="3.5.19.60" libversion="4.4.0.0" compiler="3.5.19.60" lmm="3.5.19.60" profile="CODESYS V3.5 SP19 Patch 6+" settings="SupportOPCUA, LayoutCalculator=OptimizedClientSideLayoutCalculator" />
    <ProjectInfo name="Sketch_Projeto" devicename="Device" appname="Application" />
  </Header>
  <TypeList>
    <TypeSimple name="T_BOOL" size="1" swapsize="0" typeclass="Bool" iecname="BOOL" />
    <TypeSimple name="T_INT" size="2" swapsize="2" typeclass="Int" iecname="INT" />
    <TypeSimple name="T_STRING" size="81" swapsize="0" typeclass="String" iecname="STRING" />
    <TypeSimple name="T_TIME" size="4" swapsize="4" typeclass="Time" iecname="TIME" />
    <TypeArray name="T_ARRAY__0__11__OF_INT" size="24" nativesize="24" typeclass="Array" iecname="ARRAY [0..11] OF INT" basetype="T_INT">
      <ArrayDim minrange="0" maxrange="11" />
    </TypeArray>
    <TypeArray name="T_ARRAY__0__14__OF_INT" size="30" nativesize="30" typeclass="Array" iecname="ARRAY [0..14] OF INT" basetype="T_INT">
      <ArrayDim minrange="0" maxrange="14" />
    </TypeArray>
    <TypeArray name="T_ARRAY__0__200__OF_BOOL" size="201" nativesize="201" typeclass="Array" iecname="ARRAY [0..200] OF BOOL" basetype="T_BOOL">
      <ArrayDim minrange="0" maxrange="200" />
    </TypeArray>
    <TypeArray name="T_ARRAY__0__2__OF_INT" size="6" nativesize="6" typeclass="Array" iecname="ARRAY [0..2] OF INT" basetype="T_INT">
      <ArrayDim minrange="0" maxrange="2" />
    </TypeArray>
    <TypeArray name="T_ARRAY__0__4__OF_INT" size="10" nativesize="10" typeclass="Array" iecname="ARRAY [0..4] OF INT" basetype="T_INT">
      <ArrayDim minrange="0" maxrange="4" />
    </TypeArray>
    <TypeUserDef name="T_MetaPiece" size="8" nativesize="8" typeclass="Userdef" pouclass="STRUCTURE" iecname="MetaPiece">
      <UserDefElement iecname="pieceTYPE" type="T_INT" byteoffset="0" vartype="VAR" access="ReadWrite" />
      <UserDefElement iecname="machineTOP" type="T_BOOL" byteoffset="2" vartype="VAR" access="ReadWrite" />
      <UserDefElement iecname="machineBOT" type="T_BOOL" byteoffset="3" vartype="VAR" access="ReadWrite" />
      <UserDefElement iecname="toolTOP" type="T_INT" byteoffset="4" vartype="VAR" access="ReadWrite" />
      <UserDefElement iecname="toolBOT" type="T_INT" byteoffset="6" vartype="VAR" access="ReadWrite" />
    </TypeUserDef>
    <TypeUserDef name="T_RS" size="3" nativesize="16" typeclass="Userdef" pouclass="FUNCTION_BLOCK" iecname="RS">
      <UserDefElement iecname="SET" type="T_BOOL" byteoffset="0" vartype="VAR_INPUT" access="ReadWrite" />
      <UserDefElement iecname="RESET1" type="T_BOOL" byteoffset="1" vartype="VAR_INPUT" access="ReadWrite" />
      <UserDefElement iecname="Q1" type="T_BOOL" byteoffset="2" vartype="VAR_OUTPUT" access="ReadWrite" />
    </TypeUserDef>
    <TypeUserDef name="T_R_TRIG" size="2" nativesize="16" typeclass="Userdef" pouclass="FUNCTION_BLOCK" iecname="R_TRIG">
      <UserDefElement iecname="CLK" type="T_BOOL" byteoffset="0" vartype="VAR_INPUT" access="ReadWrite" />
      <UserDefElement iecname="Q" type="T_BOOL" byteoffset="1" vartype="VAR_OUTPUT" access="ReadWrite" />
    </TypeUserDef>
    <TypeUserDef name="T_SFCStepType" size="16" nativesize="16" typeclass="Userdef" pouclass="STRUCTURE" iecname="SFCStepType">
      <UserDefElement iecname="x" type="T_BOOL" byteoffset="0" vartype="VAR" access="ReadWrite" />
      <UserDefElement iecname="t" type="T_TIME" byteoffset="4" vartype="VAR" access="ReadWrite" />
      <UserDefElement iecname="_x" type="T_BOOL" byteoffset="8" vartype="VAR" access="ReadWrite" />
      <UserDefElement iecname="_t" type="T_TIME" byteoffset="12" vartype="VAR" access="ReadWrite" />
    </TypeUserDef>
    <TypeUserDef name="T_TON" size="16" nativesize="32" typeclass="Userdef" pouclass="FUNCTION_BLOCK" iecname="TON">
      <UserDefElement iecname="IN" type="T_BOOL" byteoffset="0" vartype="VAR_INPUT" access="ReadWrite" />
      <UserDefElement iecname="PT" type="T_TIME" byteoffset="4" vartype="VAR_INPUT" access="ReadWrite" />
      <UserDefElement iecname="Q" type="T_BOOL" byteoffset="8" vartype="VAR_OUTPUT" access="ReadWrite" />
      <UserDefElement iecname="ET" type="T_TIME" byteoffset="12" vartype="VAR_OUTPUT" access="ReadWrite" />
    </TypeUserDef>
    <TypeUserDef name="T_SFCActionControl" size="116" nativesize="272" typeclass="Userdef" pouclass="FUNCTION_BLOCK" iecname="SFCActionControl">
      <UserDefElement iecname="N" type="T_BOOL" byteoffset="0" vartype="VAR_INPUT" access="ReadWrite" />
      <UserDefElement iecname="R0" type="T_BOOL" byteoffset="1" vartype="VAR_INPUT" access="ReadWrite" />
      <UserDefElement iecname="S0" type="T_BOOL" byteoffset="2" vartype="VAR_INPUT" access="ReadWrite" />
      <UserDefElement iecname="L" type="T_BOOL" byteoffset="3" vartype="VAR_INPUT" access="ReadWrite" />
      <UserDefElement iecname="D" type="T_BOOL" byteoffset="4" vartype="VAR_INPUT" access="ReadWrite" />
      <UserDefElement iecname="P" type="T_BOOL" byteoffset="5" vartype="VAR_INPUT" access="ReadWrite" />
      <UserDefElement iecname="SD" type="T_BOOL" byteoffset="6" vartype="VAR_INPUT" access="ReadWrite" />
      <UserDefElement iecname="DS" type="T_BOOL" byteoffset="7" vartype="VAR_INPUT" access="ReadWrite" />
      <UserDefElement iecname="SL" type="T_BOOL" byteoffset="8" vartype="VAR_INPUT" access="ReadWrite" />
      <UserDefElement iecname="T" type="T_TIME" byteoffset="12" vartype="VAR_INPUT" access="ReadWrite" />
      <UserDefElement iecname="Q" type="T_BOOL" byteoffset="16" vartype="VAR_OUTPUT" access="ReadWrite" />
      <UserDefElement iecname="S_FF" type="T_RS" byteoffset="17" vartype="VAR" access="ReadWrite" />
      <UserDefElement iecname="L_TMR" type="T_TON" byteoffset="20" vartype="VAR" access="ReadWrite" />
      <UserDefElement iecname="D_TMR" type="T_TON" byteoffset="36" vartype="VAR" access="ReadWrite" />
      <UserDefElement iecname="P_TRIG" type="T_R_TRIG" byteoffset="52" vartype="VAR" access="ReadWrite" />
      <UserDefElement iecname="SD_TMR" type="T_TON" byteoffset="56" vartype="VAR" access="ReadWrite" />
      <UserDefElement iecname="SD_FF" type="T_RS" byteoffset="72" vartype="VAR" access="ReadWrite" />
      <UserDefElement iecname="DS_FF" type="T_RS" byteoffset="75" vartype="VAR" access="ReadWrite" />
      <UserDefElement iecname="DS_TMR" type="T_TON" byteoffset="80" vartype="VAR" access="ReadWrite" />
      <UserDefElement iecname="SL_FF" type="T_RS" byteoffset="96" vartype="VAR" access="ReadWrite" />
      <UserDefElement iecname="SL_TMR" type="T_TON" byteoffset="100" vartype="VAR" access="ReadWrite" />
    </TypeUserDef>
    <TypeUserDef name="T_SFCActionType" size="128" nativesize="288" typeclass="Userdef" pouclass="STRUCTURE" iecname="SFCActionType">
      <UserDefElement iecname="x" type="T_BOOL" byteoffset="0" vartype="VAR" access="ReadWrite" />
      <UserDefElement iecname="_x" type="T_BOOL" byteoffset="1" vartype="VAR" access="ReadWrite" />
      <UserDefElement iecname="t" type="T_TIME" byteoffset="4" vartype="VAR" access="ReadWrite" />
      <UserDefElement iecname="_t" type="T_TIME" byteoffset="8" vartype="VAR" access="ReadWrite" />
      <UserDefElement iecname="AC" type="T_SFCActionControl" byteoffset="12" vartype="VAR" access="ReadWrite" />
    </TypeUserDef>
    <TypeUserDef name="T_Conveyor" size="616" nativesize="1272" typeclass="Userdef" pouclass="FUNCTION_BLOCK" iecname="Conveyor">
      <UserDefElement iecname="inputOFF" type="T_INT" byteoffset="0" vartype="VAR_INPUT" access="ReadWrite" />
      <UserDefElement iecname="outputOFF" type="T_INT" byteoffset="2" vartype="VAR_INPUT" access="ReadWrite" />
      <UserDefElement iecname="next" type="T_BOOL" byteoffset="4" vartype="VAR_INPUT" access="ReadWrite" />
      <UserDefElement iecname="finish" type="T_BOOL" byteoffset="5" vartype="VAR_INPUT" access="ReadWrite" />
      <UserDefElement iecname="start" type="T_BOOL" byteoffset="6" vartype="VAR_INPUT" access="ReadWrite" />
      <UserDefElement iecname="pieceIN" type="T_MetaPiece" byteoffset="8" vartype="VAR_INPUT" access="ReadWrite" />
      <UserDefElement iecname="conveyorFree" type="T_BOOL" byteoffset="16" vartype="VAR_OUTPUT" access="ReadWrite" />
      <UserDefElement iecname="middle" type="T_BOOL" byteoffset="17" vartype="VAR_OUTPUT" access="ReadWrite" />
      <UserDefElement iecname="sending" type="T_BOOL" byteoffset="18" vartype="VAR_OUTPUT" access="ReadWrite" />
      <UserDefElement iecname="pieceOUT" type="T_MetaPiece" byteoffset="20" vartype="VAR_OUTPUT" access="ReadWrite" />
      <UserDefElement iecname="piece" type="T_MetaPiece" byteoffset="28" vartype="VAR" access="ReadWrite" />
      <UserDefElement iecname="_conveyorFree" type="T_SFCActionType" byteoffset="36" vartype="VAR" access="ReadWrite" />
      <UserDefElement iecname="_GVL_outputs_outputOFF_1_" type="T_SFCActionType" byteoffset="164" vartype="VAR" access="ReadWrite" />
      <UserDefElement iecname="_middle" type="T_SFCActionType" byteoffset="292" vartype="VAR" access="ReadWrite" />
      <UserDefElement iecname="_sending" type="T_SFCActionType" byteoffset="420" vartype="VAR" access="ReadWrite" />
      <UserDefElement iecname="Waiting" type="T_SFCStepType" byteoffset="548" vartype="VAR" access="ReadWrite" />
      <UserDefElement iecname="ReceivingBlock" type="T_SFCStepType" byteoffset="564" vartype="VAR" access="ReadWrite" />
      <UserDefElement iecname="Waiting2Send" type="T_SFCStepType" byteoffset="580" vartype="VAR" access="ReadWrite" />
      <UserDefElement iecname="Sending_Block" type="T_SFCStepType" byteoffset="596" vartype="VAR" access="ReadWrite" />
      <UserDefElement iecname="Waiting__to__ReceivingBlock" type="T_BOOL" byteoffset="612" vartype="VAR" access="ReadWrite" />
      <UserDefElement iecname="ReceivingBlock__to__Waiting2Send" type="T_BOOL" byteoffset="613" vartype="VAR" access="ReadWrite" />
      <UserDefElement iecname="Waiting2Send__to__Sending_Block" type="T_BOOL" byteoffset="614" vartype="VAR" access="ReadWrite" />
      <UserDefElement iecname="Sending_Block__to__Waiting" type="T_BOOL" byteoffset="615" vartype="VAR" access="ReadWrite" />
    </TypeUserDef>
    <TypeUserDef name="T_Conveyor_Entrance" size="443" nativesize="936" typeclass="Userdef" pouclass="FUNCTION_BLOCK" iecname="Conveyor_Entrance">
      <UserDefElement iecname="inputOFF" type="T_INT" byteoffset="0" vartype="VAR_INPUT" access="ReadWrite" />
      <UserDefElement iecname="outputOFF" type="T_INT" byteoffset="2" vartype="VAR_INPUT" access="ReadWrite" />
      <UserDefElement iecname="nextConveyor" type="T_BOOL" byteoffset="4" vartype="VAR_INPUT" access="ReadWrite" />
      <UserDefElement iecname="finish" type="T_BOOL" byteoffset="5" vartype="VAR_INPUT" access="ReadWrite" />
      <UserDefElement iecname="conveyorFree" type="T_BOOL" byteoffset="6" vartype="VAR_OUTPUT" access="ReadWrite" />
      <UserDefElement iecname="sending" type="T_BOOL" byteoffset="7" vartype="VAR_OUTPUT" access="ReadWrite" />
      <UserDefElement iecname="_conveyorFree" type="T_SFCActionType" byteoffset="8" vartype="VAR" access="ReadWrite" />
      <UserDefElement iecname="_GVL_outputs_outputOFF_1_" type="T_SFCActionType" byteoffset="136" vartype="VAR" access="ReadWrite" />
      <UserDefElement iecname="_sending" type="T_SFCActionType" byteoffset="264" vartype="VAR" access="ReadWrite" />
      <UserDefElement iecname="Waiting" type="T_SFCStepType" byteoffset="392" vartype="VAR" access="ReadWrite" />
      <UserDefElement iecname="Waiting_Block" type="T_SFCStepType" byteoffset="408" vartype="VAR" access="ReadWrite" />
      <UserDefElement iecname="Sending_Block" type="T_SFCStepType" byteoffset="424" vartype="VAR" access="ReadWrite" />
      <UserDefElement iecname="Waiting__to__Waiting_Block" type="T_BOOL" byteoffset="440" vartype="VAR" access="ReadWrite" />
      <UserDefElement iecname="Waiting_Block__to__Sending_Block" type="T_BOOL" byteoffset="441" vartype="VAR" access="ReadWrite" />
      <UserDefElement iecname="Sending_Block__to__Waiting" type="T_BOOL" byteoffset="442" vartype="VAR" access="ReadWrite" />
    </TypeUserDef>
    <TypeUserDef name="T_Conveyor_Machine" size="620" nativesize="1272" typeclass="Userdef" pouclass="FUNCTION_BLOCK" iecname="Conveyor_Machine">
      <UserDefElement iecname="inputOFF" type="T_INT" byteoffset="0" vartype="VAR_INPUT" access="ReadWrite" />
      <UserDefElement iecname="outputOFF" type="T_INT" byteoffset="2" vartype="VAR_INPUT" access="ReadWrite" />
      <UserDefElement iecname="leave" type="T_BOOL" byteoffset="4" vartype="VAR_INPUT" access="ReadWrite" />
      <UserDefElement iecname="finish" type="T_BOOL" byteoffset="5" vartype="VAR_INPUT" access="ReadWrite" />
      <UserDefElement iecname="start" type="T_BOOL" byteoffset="6" vartype="VAR_INPUT" access="ReadWrite" />
      <UserDefElement iecname="nextConveyor" type="T_BOOL" byteoffset="7" vartype="VAR_INPUT" access="ReadWrite" />
      <UserDefElement iecname="ManualMode" type="T_BOOL" byteoffset="8" vartype="VAR_INPUT" access="ReadWrite" />
      <UserDefElement iecname="MM_Ready" type="T_BOOL" byteoffset="9" vartype="VAR_INPUT" access="ReadWrite" />
      <UserDefElement iecname="pieceIN" type="T_MetaPiece" byteoffset="10" vartype="VAR_INPUT" access="ReadWrite" />
      <UserDefElement iecname="machine_number" type="T_INT" byteoffset="18" vartype="VAR_INPUT" access="ReadWrite" />
      <UserDefElement iecname="conveyorFree" type="T_BOOL" byteoffset="20" vartype="VAR_OUTPUT" access="ReadWrite" />
      <UserDefElement iecname="machine" type="T_BOOL" byteoffset="21" vartype="VAR_OUTPUT" access="ReadWrite" />
      <UserDefElement iecname="pieceOUT" type="T_MetaPiece" byteoffset="22" vartype="VAR_OUTPUT" access="ReadWrite" />
      <UserDefElement iecname="sending" type="T_BOOL" byteoffset="30" vartype="VAR_OUTPUT" access="ReadWrite" />
      <UserDefElement iecname="machineOFF" type="T_BOOL" byteoffset="31" vartype="VAR" access="ReadWrite" />
      <UserDefElement iecname="piece" type="T_MetaPiece" byteoffset="32" vartype="VAR" access="ReadWrite" />
      <UserDefElement iecname="_conveyorFree" type="T_SFCActionType" byteoffset="40" vartype="VAR" access="ReadWrite" />
      <UserDefElement iecname="_GVL_outputs_outputOFF_1_" type="T_SFCActionType" byteoffset="168" vartype="VAR" access="ReadWrite" />
      <UserDefElement iecname="_machine" type="T_SFCActionType" byteoffset="296" vartype="VAR" access="ReadWrite" />
      <UserDefElement iecname="_sending" type="T_SFCActionType" byteoffset="424" vartype="VAR" access="ReadWrite" />
      <UserDefElement iecname="Waiting" type="T_SFCStepType" byteoffset="552" vartype="VAR" access="ReadWrite" />
      <UserDefElement iecname="ReceivingBlock" type="T_SFCStepType" byteoffset="568" vartype="VAR" access="ReadWrite" />
      <UserDefElement iecname="Inside_Machine" type="T_SFCStepType" byteoffset="584" vartype="VAR" access="ReadWrite" />
      <UserDefElement iecname="Sending_Block" type="T_SFCStepType" byteoffset="600" vartype="VAR" access="ReadWrite" />
      <UserDefElement iecname="Waiting__to__ReceivingBlock" type="T_BOOL" byteoffset="616" vartype="VAR" access="ReadWrite" />
      <UserDefElement iecname="ReceivingBlock__to__Inside_Machine" type="T_BOOL" byteoffset="617" vartype="VAR" access="ReadWrite" />
      <UserDefElement iecname="Inside_Machine__to__Sending_Block" type="T_BOOL" byteoffset="618" vartype="VAR" access="ReadWrite" />
      <UserDefElement iecname="Sending_Block__to__Waiting" type="T_BOOL" byteoffset="619" vartype="VAR" access="ReadWrite" />
    </TypeUserDef>
    <TypeUserDef name="T_Conveyor_WarehouseIN" size="604" nativesize="1256" typeclass="Userdef" pouclass="FUNCTION_BLOCK" iecname="Conveyor_WarehouseIN">
      <UserDefElement iecname="inputOFF" type="T_INT" byteoffset="0" vartype="VAR_INPUT" access="ReadWrite" />
      <UserDefElement iecname="outputOFF" type="T_INT" byteoffset="2" vartype="VAR_INPUT" access="ReadWrite" />
      <UserDefElement iecname="receiving" type="T_BOOL" byteoffset="4" vartype="VAR_INPUT" access="ReadWrite" />
      <UserDefElement iecname="pieceIN" type="T_MetaPiece" byteoffset="6" vartype="VAR_INPUT" access="ReadWrite" />
      <UserDefElement iecname="conveyorFree" type="T_BOOL" byteoffset="14" vartype="VAR_OUTPUT" access="ReadWrite" />
      <UserDefElement iecname="finish" type="T_BOOL" byteoffset="15" vartype="VAR_OUTPUT" access="ReadWrite" />
      <UserDefElement iecname="pieceOUT" type="T_MetaPiece" byteoffset="16" vartype="VAR" access="ReadWrite" />
      <UserDefElement iecname="_conveyorFree" type="T_SFCActionType" byteoffset="24" vartype="VAR" access="ReadWrite" />
      <UserDefElement iecname="_GVL_outputs_outputOFF_1_" type="T_SFCActionType" byteoffset="152" vartype="VAR" access="ReadWrite" />
      <UserDefElement iecname="_finish" type="T_SFCActionType" byteoffset="280" vartype="VAR" access="ReadWrite" />
      <UserDefElement iecname="_GVL_outputs_outputOFF_2_" type="T_SFCActionType" byteoffset="408" vartype="VAR" access="ReadWrite" />
      <UserDefElement iecname="Waiting" type="T_SFCStepType" byteoffset="536" vartype="VAR" access="ReadWrite" />
      <UserDefElement iecname="Step0" type="T_SFCStepType" byteoffset="552" vartype="VAR" access="ReadWrite" />
      <UserDefElement iecname="Warehouse_IN" type="T_SFCStepType" byteoffset="568" vartype="VAR" access="ReadWrite" />
      <UserDefElement iecname="Data_Removal" type="T_SFCStepType" byteoffset="584" vartype="VAR" access="ReadWrite" />
      <UserDefElement iecname="Waiting__to__Step0" type="T_BOOL" byteoffset="600" vartype="VAR" access="ReadWrite" />
      <UserDefElement iecname="Step0__to__Warehouse_IN" type="T_BOOL" byteoffset="601" vartype="VAR" access="ReadWrite" />
      <UserDefElement iecname="Warehouse_IN__to__Data_Removal" type="T_BOOL" byteoffset="602" vartype="VAR" access="ReadWrite" />
      <UserDefElement iecname="Data_Removal__to__Waiting" type="T_BOOL" byteoffset="603" vartype="VAR" access="ReadWrite" />
    </TypeUserDef>
    <TypeUserDef name="T_Conveyor_WarehouseOUT_MP" size="471" nativesize="968" typeclass="Userdef" pouclass="FUNCTION_BLOCK" iecname="Conveyor_WarehouseOUT_MP">
      <UserDefElement iecname="inputOFF" type="T_INT" byteoffset="0" vartype="VAR_INPUT" access="ReadWrite" />
      <UserDefElement iecname="outputOFF" type="T_INT" byteoffset="2" vartype="VAR_INPUT" access="ReadWrite" />
      <UserDefElement iecname="conveyorOUT" type="T_INT" byteoffset="4" vartype="VAR_INPUT" access="ReadWrite" />
      <UserDefElement iecname="pieceTYPE" type="T_INT" byteoffset="6" vartype="VAR_INPUT" access="ReadWrite" />
      <UserDefElement iecname="pieceIN" type="T_MetaPiece" byteoffset="8" vartype="VAR_INPUT" access="ReadWrite" />
      <UserDefElement iecname="finish" type="T_BOOL" byteoffset="16" vartype="VAR_INPUT" access="ReadWrite" />
      <UserDefElement iecname="nextConveyorFREE" type="T_BOOL" byteoffset="17" vartype="VAR_INPUT" access="ReadWrite" />
      <UserDefElement iecname="startConv" type="T_BOOL" byteoffset="18" vartype="VAR_OUTPUT" access="ReadWrite" />
      <UserDefElement iecname="pieceOUT" type="T_MetaPiece" byteoffset="20" vartype="VAR_OUTPUT" access="ReadWrite" />
      <UserDefElement iecname="piece" type="T_MetaPiece" byteoffset="28" vartype="VAR" access="ReadWrite" />
      <UserDefElement iecname="_warehouseOUT" type="T_SFCActionType" byteoffset="36" vartype="VAR" access="ReadWrite" />
      <UserDefElement iecname="_startConv" type="T_SFCActionType" byteoffset="164" vartype="VAR" access="ReadWrite" />
      <UserDefElement iecname="_GVL_outputs_outputOFF_1_" type="T_SFCActionType" byteoffset="292" vartype="VAR" access="ReadWrite" />
      <UserDefElement iecname="Init" type="T_SFCStepType" byteoffset="420" vartype="VAR" access="ReadWrite" />
      <UserDefElement iecname="waiting" type="T_SFCStepType" byteoffset="436" vartype="VAR" access="ReadWrite" />
      <UserDefElement iecname="Sending" type="T_SFCStepType" byteoffset="452" vartype="VAR" access="ReadWrite" />
      <UserDefElement iecname="Init__to__waiting" type="T_BOOL" byteoffset="468" vartype="VAR" access="ReadWrite" />
      <UserDefElement iecname="waiting__to__Sending" type="T_BOOL" byteoffset="469" vartype="VAR" access="ReadWrite" />
      <UserDefElement iecname="Sending__to__Init" type="T_BOOL" byteoffset="470" vartype="VAR" access="ReadWrite" />
    </TypeUserDef>
    <TypeUserDef name="T_Machine1" size="1203" nativesize="2344" typeclass="Userdef" pouclass="FUNCTION_BLOCK" iecname="Machine1">
      <UserDefElement iecname="inputOFF" type="T_INT" byteoffset="0" vartype="VAR_INPUT" access="ReadWrite" />
      <UserDefElement iecname="outputOFF" type="T_INT" byteoffset="2" vartype="VAR_INPUT" access="ReadWrite" />
      <UserDefElement iecname="machine" type="T_INT" byteoffset="4" vartype="VAR_INPUT" access="ReadWrite" />
      <UserDefElement iecname="pieceIN" type="T_MetaPiece" byteoffset="6" vartype="VAR_INPUT" access="ReadWrite" />
      <UserDefElement iecname="start" type="T_BOOL" byteoffset="14" vartype="VAR_INPUT" access="ReadWrite" />
      <UserDefElement iecname="finish" type="T_BOOL" byteoffset="15" vartype="VAR_INPUT" access="ReadWrite" />
      <UserDefElement iecname="ManualMode" type="T_BOOL" byteoffset="16" vartype="VAR_INPUT" access="ReadWrite" />
      <UserDefElement iecname="MM_operate" type="T_BOOL" byteoffset="17" vartype="VAR_INPUT" access="ReadWrite" />
      <UserDefElement iecname="MM_toolUP" type="T_BOOL" byteoffset="18" vartype="VAR_INPUT" access="ReadWrite" />
      <UserDefElement iecname="MM_toolDOWN" type="T_BOOL" byteoffset="19" vartype="VAR_INPUT" access="ReadWrite" />
      <UserDefElement iecname="free" type="T_BOOL" byteoffset="20" vartype="VAR_OUTPUT" access="ReadWrite" />
      <UserDefElement iecname="SCADA_operating" type="T_BOOL" byteoffset="21" vartype="VAR_OUTPUT" access="ReadWrite" />
      <UserDefElement iecname="SCADA_changingTOOL" type="T_BOOL" byteoffset="22" vartype="VAR_OUTPUT" access="ReadWrite" />
      <UserDefElement iecname="SCADA_Tool_Front" type="T_INT" byteoffset="24" vartype="VAR_OUTPUT" access="ReadWrite" />
      <UserDefElement iecname="SCADA_Tool_Back" type="T_INT" byteoffset="26" vartype="VAR_OUTPUT" access="ReadWrite" />
      <UserDefElement iecname="SCADA_Tool" type="T_INT" byteoffset="28" vartype="VAR_OUTPUT" access="ReadWrite" />
      <UserDefElement iecname="back" type="T_BOOL" byteoffset="30" vartype="VAR" access="ReadWrite" />
      <UserDefElement iecname="front" type="T_BOOL" byteoffset="31" vartype="VAR" access="ReadWrite" />
      <UserDefElement iecname="piece" type="T_MetaPiece" byteoffset="32" vartype="VAR" access="ReadWrite" />
      <UserDefElement iecname="ListTools" type="T_ARRAY__0__2__OF_INT" byteoffset="40" vartype="VAR" access="ReadWrite" />
      <UserDefElement iecname="tool" type="T_INT" byteoffset="46" vartype="VAR" access="ReadWrite" />
      <UserDefElement iecname="MachineOff" type="T_BOOL" byteoffset="48" vartype="VAR" access="ReadWrite" />
      <UserDefElement iecname="machineOFF_debug" type="T_BOOL" byteoffset="49" vartype="VAR" access="ReadWrite" />
      <UserDefElement iecname="start_change" type="T_BOOL" byteoffset="50" vartype="VAR" access="ReadWrite" />
      <UserDefElement iecname="SFCCurrentStep" type="T_STRING" byteoffset="51" vartype="VAR" access="ReadWrite" />
      <UserDefElement iecname="_IsMachineOFF" type="T_SFCActionType" byteoffset="132" vartype="VAR" access="ReadWrite" />
      <UserDefElement iecname="_SCADA_operating" type="T_SFCActionType" byteoffset="260" vartype="VAR" access="ReadWrite" />
      <UserDefElement iecname="_GVL_outputs_outputOFF_4_" type="T_SFCActionType" byteoffset="388" vartype="VAR" access="ReadWrite" />
      <UserDefElement iecname="_free" type="T_SFCActionType" byteoffset="516" vartype="VAR" access="ReadWrite" />
      <UserDefElement iecname="_SCADA_changingTOOL" type="T_SFCActionType" byteoffset="644" vartype="VAR" access="ReadWrite" />
      <UserDefElement iecname="_GVL_outputs_outputOFF_3_" type="T_SFCActionType" byteoffset="772" vartype="VAR" access="ReadWrite" />
      <UserDefElement iecname="_GVL_outputs_outputOFF_2_" type="T_SFCActionType" byteoffset="900" vartype="VAR" access="ReadWrite" />
      <UserDefElement iecname="Init" type="T_SFCStepType" byteoffset="1028" vartype="VAR" access="ReadWrite" />
      <UserDefElement iecname="ReceivedORDER" type="T_SFCStepType" byteoffset="1044" vartype="VAR" access="ReadWrite" />
      <UserDefElement iecname="startTOOL" type="T_SFCStepType" byteoffset="1060" vartype="VAR" access="ReadWrite" />
      <UserDefElement iecname="finished" type="T_SFCStepType" byteoffset="1076" vartype="VAR" access="ReadWrite" />
      <UserDefElement iecname="flag" type="T_SFCStepType" byteoffset="1092" vartype="VAR" access="ReadWrite" />
      <UserDefElement iecname="Deciding" type="T_SFCStepType" byteoffset="1108" vartype="VAR" access="ReadWrite" />
      <UserDefElement iecname="startCHANGE_B" type="T_SFCStepType" byteoffset="1124" vartype="VAR" access="ReadWrite" />
      <UserDefElement iecname="changeTOOL_B" type="T_SFCStepType" byteoffset="1140" vartype="VAR" access="ReadWrite" />
      <UserDefElement iecname="startCHANGE_F" type="T_SFCStepType" byteoffset="1156" vartype="VAR" access="ReadWrite" />
      <UserDefElement iecname="changeTOOL_F" type="T_SFCStepType" byteoffset="1172" vartype="VAR" access="ReadWrite" />
      <UserDefElement iecname="Init__to__ReceivedORDER" type="T_BOOL" byteoffset="1188" vartype="VAR" access="ReadWrite" />
      <UserDefElement iecname="Branch0__ReceivedORDER__to__startTOOL" type="T_BOOL" byteoffset="1189" vartype="VAR" access="ReadWrite" />
      <UserDefElement iecname="startTOOL__to__finished" type="T_BOOL" byteoffset="1190" vartype="VAR" access="ReadWrite" />
      <UserDefElement iecname="Branch0_0__finished__to__Init" type="T_BOOL" byteoffset="1191" vartype="VAR" access="ReadWrite" />
      <UserDefElement iecname="Branch0_1__finished__to__flag" type="T_BOOL" byteoffset="1192" vartype="VAR" access="ReadWrite" />
      <UserDefElement iecname="flag__to__Init" type="T_BOOL" byteoffset="1193" vartype="VAR" access="ReadWrite" />
      <UserDefElement iecname="Branch1__ReceivedORDER__to__Deciding" type="T_BOOL" byteoffset="1194" vartype="VAR" access="ReadWrite" />
      <UserDefElement iecname="Branch1_0__Deciding__to__startCHANGE_B" type="T_BOOL" byteoffset="1195" vartype="VAR" access="ReadWrite" />
      <UserDefElement iecname="startCHANGE_B__to__changeTOOL_B" type="T_BOOL" byteoffset="1196" vartype="VAR" access="ReadWrite" />
      <UserDefElement iecname="Branch1_0_0__changeTOOL_B__to__Init" type="T_BOOL" byteoffset="1197" vartype="VAR" access="ReadWrite" />
      <UserDefElement iecname="Branch1_0_1__changeTOOL_B__to__ReceivedOrder" type="T_BOOL" byteoffset="1198" vartype="VAR" access="ReadWrite" />
      <UserDefElement iecname="Branch1_1__Deciding__to__startCHANGE_F" type="T_BOOL" byteoffset="1199" vartype="VAR" access="ReadWrite" />
      <UserDefElement iecname="startCHANGE_F__to__changeTOOL_F" type="T_BOOL" byteoffset="1200" vartype="VAR" access="ReadWrite" />
      <UserDefElement iecname="Branch1_1_0__changeTOOL_F__to__Init" type="T_BOOL" byteoffset="1201" vartype="VAR" access="ReadWrite" />
      <UserDefElement iecname="Branch1_1_1__changeTOOL_F__to__ReceivedOrder" type="T_BOOL" byteoffset="1202" vartype="VAR" access="ReadWrite" />
    </TypeUserDef>
    <TypeUserDef name="T_Factory_Line" size="5392" nativesize="10792" typeclass="Userdef" pouclass="FUNCTION_BLOCK" iecname="Factory_Line">
      <UserDefElement iecname="inputOFF" type="T_ARRAY__0__4__OF_INT" byteoffset="0" vartype="VAR_INPUT" access="ReadWrite" />
      <UserDefElement iecname="outputOFF" type="T_ARRAY__0__4__OF_INT" byteoffset="10" vartype="VAR_INPUT" access="ReadWrite" />
      <UserDefElement iecname="conveyourOUT" type="T_INT" byteoffset="20" vartype="VAR_INPUT" access="ReadWrite" />
      <UserDefElement iecname="machineTOP" type="T_INT" byteoffset="22" vartype="VAR_INPUT" access="ReadWrite" />
      <UserDefElement iecname="machineBOT" type="T_INT" byteoffset="24" vartype="VAR_INPUT" access="ReadWrite" />
      <UserDefElement iecname="pieceOUT" type="T_INT" byteoffset="26" vartype="VAR_INPUT" access="ReadWrite" />
      <UserDefElement iecname="PieceIN" type="T_MetaPiece" byteoffset="28" vartype="VAR_INPUT" access="ReadWrite" />
      <UserDefElement iecname="TOP_operating" type="T_BOOL" byteoffset="36" vartype="VAR_OUTPUT" access="ReadWrite" />
      <UserDefElement iecname="TOP_changingtool" type="T_BOOL" byteoffset="37" vartype="VAR_OUTPUT" access="ReadWrite" />
      <UserDefElement iecname="Tools_TOP" type="T_ARRAY__0__2__OF_INT" byteoffset="38" vartype="VAR_OUTPUT" access="ReadWrite" />
      <UserDefElement iecname="Tools_BOT" type="T_ARRAY__0__2__OF_INT" byteoffset="44" vartype="VAR_OUTPUT" access="ReadWrite" />
      <UserDefElement iecname="BOT_operating" type="T_BOOL" byteoffset="50" vartype="VAR_OUTPUT" access="ReadWrite" />
      <UserDefElement iecname="BOT_changingtool" type="T_BOOL" byteoffset="51" vartype="VAR_OUTPUT" access="ReadWrite" />
      <UserDefElement iecname="ConvOUT" type="T_Conveyor_WarehouseOUT_MP" byteoffset="52" vartype="VAR" access="ReadWrite" />
      <UserDefElement iecname="Machine_Top" type="T_Machine1" byteoffset="524" vartype="VAR" access="ReadWrite" />
      <UserDefElement iecname="Machine_Bot" type="T_Machine1" byteoffset="1728" vartype="VAR" access="ReadWrite" />
      <UserDefElement iecname="Conv_TOP" type="T_Conveyor_Machine" byteoffset="2932" vartype="VAR" access="ReadWrite" />
      <UserDefElement iecname="Conv_BOT" type="T_Conveyor_Machine" byteoffset="3552" vartype="VAR" access="ReadWrite" />
      <UserDefElement iecname="Conv" type="T_Conveyor" byteoffset="4172" vartype="VAR" access="ReadWrite" />
      <UserDefElement iecname="ConvIN" type="T_Conveyor_WarehouseIN" byteoffset="4788" vartype="VAR" access="ReadWrite" />
    </TypeUserDef>
  </TypeList>
  <NodeList>
    <Node name="Application">
      <Node name="Factory_Entrance">
        <Node name="C1" type="T_Conveyor_Entrance" access="ReadWrite" />
        <Node name="C1_W" type="T_Conveyor_WarehouseIN" access="ReadWrite" />
        <Node name="C2" type="T_Conveyor_Entrance" access="ReadWrite" />
        <Node name="C2_W" type="T_Conveyor_WarehouseIN" access="ReadWrite" />
        <Node name="C3" type="T_Conveyor_Entrance" access="ReadWrite" />
        <Node name="C3_W" type="T_Conveyor_WarehouseIN" access="ReadWrite" />
        <Node name="C4" type="T_Conveyor_Entrance" access="ReadWrite" />
        <Node name="C4_W" type="T_Conveyor_WarehouseIN" access="ReadWrite" />
      </Node>
      <Node name="Factory_Transformation">
        <Node name="conveyourOUT" type="T_INT" access="ReadWrite" />
        <Node name="Line1" type="T_Factory_Line" access="ReadWrite" />
        <Node name="machineBOT" type="T_INT" access="ReadWrite" />
        <Node name="machineTOP" type="T_INT" access="ReadWrite" />
      </Node>
      <Node name="GVL">
        <Node name="current_tool" type="T_ARRAY__0__11__OF_INT" access="ReadWrite" />
        <Node name="inputs" type="T_ARRAY__0__200__OF_BOOL" access="ReadWrite" />
        <Node name="outputs" type="T_ARRAY__0__200__OF_BOOL" access="ReadWrite" />
        <Node name="warehouse_out" type="T_ARRAY__0__14__OF_INT" access="ReadWrite" />
      </Node>
    </Node>
  </NodeList>
</Symbolconfiguration>